{"EECBS_MAKESPAN":20,"_runtime":105.799769,"_step":353,"_wandb":{"runtime":105},"LNS_time":0.019161224365234375,"_timestamp":1.736284298673467e+09,"A*_Sum of Cost":110,"LNS_iteration":10,"A*_MAKESPAN":20}