{"A*_Sum of Cost":137,"LNS_iteration":11,"LNS_time":0.019073009490966797,"_wandb":{"runtime":169},"_step":545,"A*_MAKESPAN":20,"_timestamp":1.736324052405041e+09,"EECBS_MAKESPAN":20,"_runtime":168.993496}