{"LNS_iteration":6,"A*_MAKESPAN":20,"LNS_time":0.05610823631286621,"_timestamp":1.736284457661194e+09,"_wandb":{"runtime":63},"_runtime":63.43278,"_step":167,"EECBS_MAKESPAN":20,"A*_Sum of Cost":150}