{"_timestamp":1.7337255072571568e+09,"epoch_cost_mean":78.2,"_wandb":{"runtime":15591},"_runtime":15377.754574071,"epoch_loss_mean":-8.775858879089355,"_step":110,"epoch_itr_mean":16.3,"eval_itr_mean":18,"e":110,"n_sample":20,"eval_cost_mean":90}