{"_step":230,"LNS_iteration":5,"_timestamp":1.736324136943019e+09,"LNS_time":0.03073406219482422,"EECBS_MAKESPAN":18,"A*_MAKESPAN":18,"_runtime":77.530165,"A*_Sum of Cost":143,"_wandb":{"runtime":77}}