{"_timestamp":1.736284600348918e+09,"LNS_time":0.02378106117248535,"_step":272,"_wandb":{"runtime":83},"LNS_iteration":8,"EECBS_MAKESPAN":18,"A*_MAKESPAN":18,"_runtime":83.219718,"A*_Sum of Cost":142}