{"A*_MAKESPAN":21,"_step":331,"_timestamp":1.736323867084645e+09,"_wandb":{"runtime":94},"LNS_time":0.028361082077026367,"_runtime":94.720771,"A*_Sum of Cost":152,"LNS_iteration":9,"EECBS_MAKESPAN":21}