{"_step":0,"eval_itr_mean":34,"eval_cost_mean":135,"_timestamp":1.7336590005391457e+09,"e":0,"epoch_loss_mean":-27.899505615234375,"_wandb":{"runtime":392},"n_sample":10,"epoch_itr_mean":31.7,"epoch_cost_mean":102.2,"_runtime":392.641646726}