{"LNS_time":0.01998114585876465,"_timestamp":1.736285053872892e+09,"_step":346,"_wandb":{"runtime":103},"A*_Sum of Cost":154,"LNS_iteration":10,"EECBS_MAKESPAN":20,"_runtime":103.441779,"A*_MAKESPAN":20}